Datetime,Water Level (m)
2026-04-19 06:00:00,2.244535
2026-04-19 07:00:00,1.5909803
2026-04-19 08:00:00,0.6457731
2026-04-19 09:00:00,-0.31989035
2026-04-19 10:00:00,-1.1202554
2026-04-19 11:00:00,-1.711907
2026-04-19 12:00:00,-1.9718566
2026-04-19 13:00:00,-1.5636961
2026-04-19 14:00:00,-0.6405923
2026-04-19 15:00:00,0.46834993
2026-04-19 16:00:00,1.3931533
2026-04-19 17:00:00,1.908889
2026-04-19 18:00:00,1.9073337
2026-04-19 19:00:00,1.3712221
2026-04-19 20:00:00,0.4996224
2026-04-19 21:00:00,-0.4144796
2026-04-19 22:00:00,-1.1903806
2026-04-19 23:00:00,-1.7747362
2026-04-20 00:00:00,-2.0644917
2026-04-20 01:00:00,-1.7307279
2026-04-20 02:00:00,-0.8975026
2026-04-20 03:00:00,0.156705
2026-04-20 04:00:00,1.1301955
2026-04-20 05:00:00,1.8564271
2026-04-20 06:00:00,2.178307
2026-04-20 07:00:00,1.9484723
2026-04-20 08:00:00,1.2616652
2026-04-20 09:00:00,0.34798133
2026-04-20 10:00:00,-0.5188406
2026-04-20 11:00:00,-1.2143161
2026-04-20 12:00:00,-1.6529647
2026-04-20 13:00:00,-1.6511236
2026-04-20 14:00:00,-0.9325232
2026-04-20 15:00:00,0.03810612
2026-04-20 16:00:00,0.74589795
2026-04-20 17:00:00,1.438818
2026-04-20 18:00:00,1.86712
2026-04-20 19:00:00,1.6881324
2026-04-20 20:00:00,1.0547582
2026-04-20 21:00:00,0.24178009
2026-04-20 22:00:00,-0.58866143
2026-04-20 23:00:00,-1.3132019
2026-04-21 00:00:00,-1.8357679
2026-04-21 01:00:00,-2.0001502
2026-04-21 02:00:00,-1.4065391
2026-04-21 03:00:00,-0.50611776
2026-04-21 04:00:00,0.5065302
2026-04-21 05:00:00,1.3549477
2026-04-21 06:00:00,1.9031072
2026-04-21 07:00:00,2.0239737
2026-04-21 08:00:00,1.6436901
2026-04-21 09:00:00,0.897407
2026-04-21 10:00:00,0.048444856
2026-04-21 11:00:00,-0.7069628
2026-04-21 12:00:00,-1.270243
2026-04-21 13:00:00,-1.5404911
2026-04-21 14:00:00,-1.3105819
2026-04-21 15:00:00,-0.6183506
2026-04-21 16:00:00,0.18843824
2026-04-21 17:00:00,0.85473174
2026-04-21 18:00:00,1.2988589
2026-04-21 19:00:00,1.4272199
2026-04-21 20:00:00,1.1458142
2026-04-21 21:00:00,0.5565103
2026-04-21 22:00:00,-0.15470695
2026-04-21 23:00:00,-0.8260221
2026-04-22 00:00:00,-1.369171
2026-04-22 01:00:00,-1.6927009
2026-04-22 02:00:00,-1.6370586
2026-04-22 03:00:00,-1.0452908
2026-04-22 04:00:00,-0.24386716
2026-04-22 05:00:00,0.5563593
2026-04-22 06:00:00,1.2266045
2026-04-22 07:00:00,1.624646
2026-04-22 08:00:00,1.6389658
2026-04-22 09:00:00,1.2510042
2026-04-22 10:00:00,0.6015591
2026-04-22 11:00:00,-0.09587494
2026-04-22 12:00:00,-0.7125077
2026-04-22 13:00:00,-1.1584016
2026-04-22 14:00:00,-1.3168163
2026-04-22 15:00:00,-1.0623538
2026-04-22 16:00:00,-0.4925291
2026-04-22 17:00:00,0.12810455
2026-04-22 18:00:00,0.7011111
2026-04-22 19:00:00,1.0823736
2026-04-22 20:00:00,1.1449387
2026-04-22 21:00:00,0.8680151
2026-04-22 22:00:00,0.34312925
2026-04-22 23:00:00,-0.2744324
2026-04-23 00:00:00,-0.843797
2026-04-23 01:00:00,-1.260517
2026-04-23 02:00:00,-1.4240813
2026-04-23 03:00:00,-1.2077631
2026-04-23 04:00:00,-0.663172
2026-04-23 05:00:00,-0.0020336425
2026-04-23 06:00:00,0.623892
2026-04-23 07:00:00,1.140053
2026-04-23 08:00:00,1.4261328
2026-04-23 09:00:00,1.3783282
2026-04-23 10:00:00,1.0033214
2026-04-23 11:00:00,0.4483026
2026-04-23 12:00:00,-0.13281132
2026-04-23 13:00:00,-0.6317778
2026-04-23 14:00:00,-0.96539026
2026-04-23 15:00:00,-1.060335
2026-04-23 16:00:00,-0.8705509
2026-04-23 17:00:00,-0.46266085
2026-04-23 18:00:00,0.023477653
2026-04-23 19:00:00,0.48200983
2026-04-23 20:00:00,0.7948762
2026-04-23 21:00:00,0.87495923
2026-04-23 22:00:00,0.7003296
2026-04-23 23:00:00,0.3283017
2026-04-24 00:00:00,-0.13145201
2026-04-24 01:00:00,-0.5768945
2026-04-24 02:00:00,-0.92477673
2026-04-24 03:00:00,-1.1000437
2026-04-24 04:00:00,-1.0036196
2026-04-24 05:00:00,-0.5976049
2026-04-24 06:00:00,-0.07827023
2026-04-24 07:00:00,0.43327937
2026-04-24 08:00:00,0.88001597
2026-04-24 09:00:00,1.1629466
2026-04-24 10:00:00,1.1762313
2026-04-24 11:00:00,0.93692833
2026-04-24 12:00:00,0.53351295
2026-04-24 13:00:00,0.067763425
2026-04-24 14:00:00,-0.38043788
2026-04-24 15:00:00,-0.72378683
2026-04-24 16:00:00,-0.9107156
2026-04-24 17:00:00,-0.9030866
2026-04-24 18:00:00,-0.66898644
2026-04-24 19:00:00,-0.29167372
2026-04-24 20:00:00,0.11861859
2026-04-24 21:00:00,0.47306964
2026-04-24 22:00:00,0.7034751
2026-04-24 23:00:00,0.73720664
2026-04-25 00:00:00,0.5591945
2026-04-25 01:00:00,0.20402333
2026-04-25 02:00:00,-0.21912403
2026-04-25 03:00:00,-0.61587644
2026-04-25 04:00:00,-0.8983689
2026-04-25 05:00:00,-0.9711143
2026-04-25 06:00:00,-0.760336
